file_name,ret
b300bec2-df30-367f-b914-7d9fd5ad11fe.csv,1
b2f36ed3-2c54-3989-8c54-ffee1c51f4b1.csv,1
b29cc7eb-52b1-3e51-8036-4a1b6c7f22bc.csv,1
b2720ef9-2946-3e12-96bb-5fd1132cca9b.csv,0
b264ae8e-3814-3a65-9fc4-dc0c19329e80.csv,1
b25dc315-249e-37b1-858d-3e8271f0ed49.csv,0
b24cea23-d523-35b0-9f90-2119dfb5fb0e.csv,0
b1fbf291-3dd6-37b4-90af-115a75566ce1.csv,0
b1fb9c42-17aa-314a-9710-4d692c117380.csv,1
b1e53fa3-879c-32f2-a263-5f97b51e8701.csv,0
b1cc4188-7907-34c1-819d-26b30ba48527.csv,0
b113a98f-2a9f-3f97-80f7-5fe104842e53.csv,0
b0d56b5f-60f6-3040-bb3e-3dff9c5f8eef.csv,1
b071f227-c131-3577-8ddc-40a54366d77c.csv,1
affe7338-eac0-3c21-9b0e-76fa99de80c2.csv,1
af9785ce-2c55-3bbf-ae8f-f427bcb1ba64.csv,1
af8c8220-c9bd-38ce-af8f-1be79291bbe1.csv,1
af52b393-f4b2-3e20-a23d-357d82ffb201.csv,1
af25ec6a-9e6a-3c41-b970-db3100b137a5.csv,1
aebe2ee5-8c1f-3df5-bfbd-07ba81029543.csv,1
aeb65882-eebc-3f5e-a8cb-5e02aa721513.csv,1
ae9a4c04-20e4-3fe5-96fd-4be4e0979665.csv,0
ae83a93e-f4d4-3d95-a20a-af6ef241d77a.csv,0
adcfd103-33f9-3c77-b714-b4d560b228e8.csv,1
adb5035a-6896-3a19-b35f-7e6fc565b285.csv,1
ad9fb44d-6055-3585-9daf-e2e52dfd9e9e.csv,0
ad9a97e8-e388-3361-a572-eb483d40c7ec.csv,1
ad7e54e5-45ce-373b-af37-7b4826bc673c.csv,1
ace83da9-16db-3dfc-af08-797001c59324.csv,0
acb97391-e4ed-37bf-b022-8ce63a858e98.csv,1
ac42d858-c600-3103-891b-152df2892ebd.csv,0
abc96c95-8418-3c82-8030-3f8a4a9ccd42.csv,1
ab8abb17-cc60-3dd4-8c4a-e45cb2e685f6.csv,0
ab69266f-1212-342d-acd1-bc8276d08639.csv,1
ab592739-a134-3cf2-9501-672c8a1bb8eb.csv,1
ab4ca46b-151c-3e8c-bdc1-ff1941bf9295.csv,0
ab2b9a08-8279-3f5d-ae53-7edf03583035.csv,0
aaab788e-e5c7-3c0a-ac17-147d1efd6609.csv,1
aa70557b-72e5-3e10-bf66-28c8c81bd2ea.csv,1
aa276d03-8320-3922-8cb3-9c62e3fb3bb5.csv,1
aa23e437-6a4b-3762-9d71-2be6a672b178.csv,1
a9cad918-fc94-3ece-8613-4252774bc2ba.csv,1
a951cfb7-03f5-35f4-aad7-d9b020897627.csv,0
a8f75c6a-a640-371c-9b7f-83c8694d2045.csv,1
a8ef9af8-7e78-3886-9c53-cb588cd0557c.csv,0
a8ef496f-ed92-3278-a075-7a1e952ed440.csv,0
a88b9746-c333-33ab-aad9-adb70bdf32a7.csv,0
a878696d-502d-3e83-b3ec-00a6c50b8b2e.csv,1
a86bd76f-1607-3029-a21e-466606f7f44a.csv,1
a817dddb-a5dc-3499-b880-cb6956dea37b.csv,0
a80b6988-0185-3523-b5bc-5ad290838035.csv,0
a79f29e4-563a-36ea-a8ba-782561b881a9.csv,1
a77434e7-0cde-3349-b541-a01f304c9a79.csv,0
a763d936-d293-3238-9b45-1df3989a61c5.csv,1
a72654c8-0d71-38bb-abf2-c6627fb6a28c.csv,1
a70e5e07-2455-33a6-85a6-b604c1d3cdb6.csv,0
a6dbac4f-1180-381c-b369-4249cbcdac08.csv,1
a6d8f80a-b621-361c-bfae-1768f6b18401.csv,0
a6c0018d-0e3e-38e4-af4a-2a8f81e4c745.csv,0
a6a70b80-9551-33d9-99e6-bc8452659f3f.csv,1
a6298e59-6124-3341-8443-b69f1ae74a8d.csv,0
a5f7910f-bc48-30e8-a253-499e40a10c32.csv,1
a5ecb90a-bb20-3a3c-9674-1eaa6ba3a68e.csv,0
a5d0edd4-c213-3e5f-aa4a-17de26460fcd.csv,0
a5a76139-6914-3f98-abb9-e9abd64bef17.csv,1
a53b8e76-4fb7-38c9-96b2-f072bc04f489.csv,1
a51f2665-04fd-3d47-be27-b527dfb91747.csv,1
a4f4a9f9-261e-36ed-b043-d8950b60bde1.csv,1
a4f0be36-fbd3-30b8-beab-b4ff913533db.csv,1
a4cc890f-ea9a-3235-9815-83f593bddee6.csv,1
a4c0d8ac-8637-3bdb-94b8-acd9d94d6046.csv,0
a4bcc491-af92-322b-be7c-4cb04ce12dd3.csv,1
a4b0d82c-c46f-3ffe-8b1b-0fd40645620d.csv,1
a4959bbe-0b7b-38a7-90d9-c20218bdcbab.csv,0
a48f0def-fe63-3837-9dff-efc234810a01.csv,1
a484623d-ba6d-3f49-9a96-3ad7ebe1bc30.csv,0
a47f0e29-68f6-364a-905b-f439b3e1a21f.csv,1
a47d082c-0618-3045-851b-1aff568c6c75.csv,0
a47c5f2f-98f8-3510-941b-4e80aed23e9b.csv,1
a47b91c7-aa24-362e-a552-eff3ed891ee7.csv,0
a42a464c-0344-3bb5-b4ed-8636be4151cb.csv,1
a4247971-4470-3e44-b8e0-7659f7da7f59.csv,0
a3c90e4b-e7b1-394b-a564-e74c21db5bac.csv,1
a309fe63-8746-30eb-9873-096053e0e460.csv,1
a290a517-7a7e-3099-b43c-64ecc3e09d7b.csv,0
a2215ddf-5032-3456-81e2-8d3d7946cced.csv,0
a1fb4f17-fe1d-3b19-ae5b-1b36bdd6049e.csv,1
a1d4bf2f-a53f-3e72-8ef2-9e753d119f04.csv,0
a107f84f-595b-3ec1-80ec-2177c71e0192.csv,0
a0b780b1-ea12-36ea-89d5-f778ca1f3e82.csv,1
a0a4ac6c-c740-35ca-a25b-1b848ad37156.csv,1
a069ef4c-aa47-36f4-b67f-16c16550bd72.csv,0
a069256b-e687-38bf-a31f-e4712f3c2a96.csv,1
a008ec87-fc50-37a9-98ec-2d362bea98e5.csv,1
9fdef5b2-c33d-3da6-b4b1-f2c7d45d275a.csv,0
9fd4a1b8-e23a-39b3-a5e6-786e5352471b.csv,1
9fb474ed-95cd-332f-bc4d-fc94eac17252.csv,1
9f7b56d8-af6a-370e-948c-78d4aeb71e4a.csv,0
9f4bdeda-35b1-3cf7-bb8e-d3594f0785d8.csv,1
9eeb6630-f26f-3a71-bdc4-9d3437a75da8.csv,1
9ed689ee-14fe-311f-8581-588e48becb37.csv,0
9eaa5061-6b2f-301e-a5ec-2e4578baabcd.csv,0
9ea8ab43-4e75-3137-8cba-f717bf963e07.csv,0
9e878146-78f0-3a8e-89af-0d9bd73c8638.csv,0
9e79dfd6-d8f2-3539-a2f3-d1daa904b717.csv,0
9e656468-e830-3fa2-b524-833b7141ce91.csv,0
9e444c49-46fb-3715-8b45-f51129046677.csv,1
9de83eac-b6bd-3065-b818-384711845a00.csv,1
9d25b73b-2017-30cc-af9d-feb891b2563d.csv,1
9c9e5b1b-a86a-3a71-a440-2ed2a3221656.csv,1
9c404a4a-054c-3d6c-ab76-85077d3e682c.csv,1
9c336004-48a3-3b1c-8c69-0cf105ff49e0.csv,1
9c2be69e-4f85-3fc5-b2e5-708c3d97270c.csv,0
9c15f4bf-67ce-3fa7-b7d0-bf2ee5ba319b.csv,1
9c0c269a-88ef-3afb-8114-e25aeb0d82af.csv,0
9b887887-006b-3c45-a73d-f5e7b97d6e72.csv,0
9b6f79f9-d0ca-326b-82d1-4050ea90c798.csv,1
9b6af542-cf8c-3697-842d-221fdc19ad84.csv,0
9b6a271a-6d12-33c5-b25a-2fde5c10081c.csv,1
9b5429b3-45a1-3bc7-aca6-f9c1382b455e.csv,0
9b2dbf6d-dae2-334a-9633-f601eba8a37d.csv,1
9ae916e2-9eab-35b6-baac-ae262f160839.csv,1
9a89affb-7cf1-33f6-b47d-b62aa2285500.csv,1
9a81809e-2e67-3c80-b539-77585250e1df.csv,0
9a78b03d-35f8-3e7b-ae1a-b8b70f46636b.csv,0
9a6fef7a-2643-342d-b2de-da4a175adf21.csv,1
9a529b82-184b-3d1c-b809-46ae544437da.csv,1
9a10ebcc-eec5-386a-a1af-4f1d03014313.csv,1
99f02cfb-53e1-330e-b856-b8a80a62be52.csv,1
99d9fd76-935c-30eb-82a8-0d17698e8e3c.csv,1
99c980ff-0f36-3cb9-a3f0-eb1b6f8c496c.csv,1
99bb542b-a01f-389c-ada5-0428c391efcd.csv,1
996f9d57-567b-3704-855c-99ad98cf979c.csv,1
996d0c17-5164-33a3-99e7-89a949d1953e.csv,0
992b0d93-99d3-3bd3-afa7-47e61093d4ed.csv,0
990e3ea9-9fdd-39a1-b155-79190fe431af.csv,1
98a92209-f417-3350-85c7-2b670f0dc30c.csv,1
9864aa4f-9c3c-3d09-86f8-a14e895fa8fb.csv,1
97e24f85-dcc2-3e49-bc3b-75176cad67f3.csv,1
97b1a504-c06f-38ca-acbe-dc7bb5268499.csv,1
979693f3-f856-3919-a268-8584053720f1.csv,1
97847ca0-be87-3a56-bc4f-0c5b39f9753c.csv,0
973f22a1-fe64-3da9-a77d-74a95ea03fc1.csv,0
972cf8ac-bf13-3506-a86e-083ed754ee11.csv,1
96ff03bc-ad58-3ef3-82aa-208a31a227dd.csv,0
96ba46f0-8186-3fe7-82b9-11517d7438d2.csv,0
965a5a2b-3a37-3d01-b7ce-90f1b98a46bf.csv,1
964aae2d-9bc2-3971-bb94-0e0d4b774cfb.csv,0
962b2716-06ef-3516-83ac-b8826905a537.csv,1
95d7e604-3ceb-3da8-9ae4-d8b6e5946491.csv,0
95d7a465-da06-3a5c-9626-9b1622725a29.csv,1
95d059be-d179-3777-9e9e-47ac5525c653.csv,1
95b1b0ca-a4af-3370-b656-f1eedc76a11d.csv,1
9568828e-4c82-31f5-9d00-ad10db6f28f6.csv,1
95368bf6-a51f-3f12-bd43-d32d5262f44f.csv,1
94a820f9-75df-39fe-b33e-223b46331099.csv,0
949d25a4-ee8e-3a30-aa03-8b52c2a5e001.csv,1
949c5856-d88a-35c6-a6cc-d08d7505fd02.csv,1
94759db7-cf2f-383e-b236-67747e31000c.csv,0
946903bd-abe8-385a-82db-9da1fadd7b14.csv,0
9405eaec-7db0-3ae1-b80b-507dc53d70a8.csv,0
93d4ce73-4dfb-30a8-9c08-53c2b66d0534.csv,0
93a5ff86-f5f9-3422-a88b-b2b54020d94a.csv,1
939232c3-a90d-3c5c-8e79-9e1fa04acea8.csv,0
9390f014-a8b8-3d08-ab7e-12769664d5ce.csv,0
938d4903-f167-3ff4-b047-c2426d851ab5.csv,0
938a6f63-7e29-37bf-a59f-ba93f7835760.csv,1
93818a81-10ef-33cf-8cd7-f319e9f675f1.csv,0
93725973-f99f-3d1c-8f74-6258c1bed2c1.csv,1
935cb33e-e8d8-3d35-8aa4-0489be5c944a.csv,0
93542566-69a6-3f45-ad21-2e910f676263.csv,0
933928b9-8ac4-3d9b-ad1d-bb32642dc263.csv,1
932f040a-bb09-3033-8012-cb95efc4f496.csv,1
9314c851-14d5-396d-8786-e08fbb369837.csv,0
92e4a10e-748d-3b1c-93b8-a3fb435db887.csv,1
92e1b866-9949-349a-8872-9aa6304d22e7.csv,1
92d06515-e45e-3f9c-94cc-da0ed702e7f7.csv,0
91b28f9b-b7c5-35cc-a413-e2ac811a261c.csv,1
9173b68d-220b-3363-b2f2-641aa07cac44.csv,1
916fe319-d6b1-35d0-8022-eca5a7b6d065.csv,0
91466a8c-d5a6-3230-b36b-81a74277af1d.csv,0
90eba4ae-5969-3885-accb-b1bfa7809feb.csv,0
90e082df-9384-3625-8e9e-4c5efb26689f.csv,1
90c85fbb-a578-3b7f-8e8b-888160584928.csv,0
906e44f5-cddf-36ba-a553-6230a5326ede.csv,1
9050f983-3e3b-3c6f-9390-44db9799ddf0.csv,0
902e48f2-f64c-3261-96f1-02450ded8d66.csv,0
8fa3aa1f-5ddc-32cc-a07b-0ddb4c919ffa.csv,1
8f67bdc5-a9f3-32ea-9490-e6be4bb1bfd7.csv,1
8f461bab-c5a1-3b6c-9152-d80054c20240.csv,1
8f2d5653-cb89-308a-8e2b-999f42c3b95d.csv,1
8f077341-dc1a-36b9-a20a-84fc2e9c87e2.csv,1
8ee22614-abf4-31f0-8fb5-09999466e4cf.csv,1
8edfe9e6-baee-39c9-a616-df1298cfc30b.csv,0
8ed85274-94eb-38f2-8826-90dbba65f2bb.csv,0
8ead28d8-7d61-3766-a7bb-feb3ed742010.csv,0
8e9b6c96-6e33-3981-8127-c79aa840045f.csv,0
8e30b4aa-25ee-339d-b9a9-0323782b0179.csv,1
8dfa864e-07cc-3c50-96d2-0f84c0be33a4.csv,0
8d5c100f-c667-39c6-b86e-d57acf3d5c9b.csv,1
8d440bf3-7eb3-3aea-8635-2cdd69671594.csv,1
8d40b52a-c103-3af5-b4b7-f9ef7f60d88c.csv,0
8d2fbd21-e662-39f3-a8e0-0fa201c5d1f4.csv,0
8d113f7f-5f01-3373-b378-ec0ac736742f.csv,0
8c3fdaa6-e969-3555-be6c-95f88129d969.csv,1
8c3d630d-9267-383b-bc85-ae240237225f.csv,1
8c1e8510-c8a9-364f-af6b-7a7125255c34.csv,1
8bd9eac0-1543-369b-b887-158b4e9a6f21.csv,1
8bb70ecb-b04a-367e-80d5-af15d809cbea.csv,1
8ba5e223-1648-3339-b3ff-bf6c2a7a97b5.csv,1
8ba013a3-9b1e-30b6-83a2-c8180974d921.csv,0
8b84a010-6b22-3d25-a3ac-054d6d8e561d.csv,0
8ae7db07-81e6-3ebd-a363-ccb3d5af59ba.csv,0
8ad8df2a-3ae0-3547-a64e-596149e01ed5.csv,1
8ac58dce-fec9-3e7e-8023-93a2f1c1204b.csv,1
8abc3ce7-7afe-3eb6-b670-228925af094d.csv,0
8aba6281-e10e-386f-adc9-3dec8c71dcf2.csv,0
8a780546-98a9-3f83-bec7-19977b531912.csv,1
8a0e41df-1db0-33e8-b004-de89ed99f544.csv,0
89c603e7-0f63-3538-aea1-5c8b55eb3d00.csv,0
897fe373-3ef5-3b4e-9377-d286e5795f75.csv,1
897135a9-296a-3a9e-8fe6-57b7ac70c2cb.csv,1
8941be19-16f4-35fb-a8b2-10dbd73593a6.csv,1
893eae26-6185-39ec-90f2-bef56ffb38f6.csv,0
893ab476-1f35-3568-abc6-3afad0cf34dd.csv,1
88d6d8c4-c7b4-3db4-bf0f-265af837a50c.csv,0
887af76f-fbc4-3539-93df-79b0f0c0fdc6.csv,0
881ee07b-86e5-3f4b-a033-f9e561f7e533.csv,0
873b3778-717f-3d00-827d-86aa1ae8d1bd.csv,0
8714663d-039c-38a2-b287-919a8766df17.csv,0
86f44f25-a218-385f-8624-6646b879b9c0.csv,0
86e9d259-2a3a-393c-9022-bc382d8d8102.csv,1
86cda435-af36-3bfa-b6bd-01b374cfb86f.csv,1
86cc512a-8bf0-36d5-b7a0-591822ca3e07.csv,1
86b8df9c-ca02-378f-9bfb-74767ba54b6a.csv,1
868fe5f8-e669-3aeb-b8a2-070da3c9ffb0.csv,0
867bd857-583f-3748-9bd2-dcfb9d1b729a.csv,0
85daff49-01ea-30a9-9ac7-f31917d63b15.csv,1
85a936fd-53e4-3e89-8ad2-778d1311cf2f.csv,1
859327f0-2ecf-391a-a33b-6a5e2d6deb96.csv,0
8535bfe2-648a-315e-96a2-a1f4126813b6.csv,1
85322d51-02af-3c47-9354-4b4e6926a567.csv,1
84d2b7e6-0d6f-3e7b-ac23-96290de4bd46.csv,0
84d2108a-b142-380c-a197-1e860563c8ad.csv,0
842c22a1-dd5d-3865-afae-d2dd5251afaa.csv,0
840d4b87-9708-32e3-90e3-5a4486dc1bcd.csv,0
8403ad48-5c68-3bff-938c-58d04f11b3a6.csv,0
83fbdfff-4010-3f19-b7f9-f90c6929bf43.csv,1
83cd672d-52b1-315b-b379-f7be9225042f.csv,1
83cab45f-a7ce-34ea-a9ba-1d2231934f1a.csv,0
83b76796-0acd-3810-83c1-994384cf2566.csv,1
83a4a4c6-de69-3be4-b7f1-876842cd4959.csv,1
839d2aea-f956-3cb2-b431-f4328bdf6b2a.csv,1
839101bd-d27d-3d84-86cc-8f7877786b7e.csv,0
8367c637-334e-367f-b540-e51883242a71.csv,1
834e5e80-dcfc-345f-88ca-da8837f00402.csv,0
832d8bb9-eb7d-3ba4-ab08-751afb9e33ce.csv,0
82f81e22-4e8d-3b5d-b25b-b8f9704dcedb.csv,1
82dfee05-1d35-3f1b-9129-7836317ba08c.csv,1
82c3da33-41da-3676-90fd-50638345d11c.csv,1
82a08c13-aacb-3b87-a38b-ce08f6e94694.csv,1
829eaafc-ca95-3c18-8e06-aeaa6aeabdae.csv,1
829e8a41-2b3d-3f16-b449-0a59431383a8.csv,1
8287be27-f327-3b86-a4fa-3e2027dee45d.csv,1
824ecd64-eb55-37af-9263-423915b567b1.csv,1
824b9a34-5c3e-333a-aeb2-663977e558be.csv,0
82093b96-44a5-301e-a0cc-f4ec01ff0898.csv,1
820099f2-802a-37d2-96d7-516b63cf517f.csv,0
81f727fa-442b-388c-a599-80187e05619b.csv,1
81bdde76-b437-3ef2-a629-2ad8f6ed498e.csv,0
81748970-0287-331a-be65-c66aa47ceae9.csv,1
8122b7e7-75b9-3705-a474-7b3c0daf5e58.csv,0
8113df40-2063-3ae3-8d72-a1483f6b9fcb.csv,1
80dbea15-cc69-3349-bef8-db79e42d5960.csv,0
806119b0-a70e-3944-ab02-6440775fbcbf.csv,1
7fe94808-ef63-3e5d-824e-b8803ac988a8.csv,1
7fdb5763-8fcb-3764-91ad-b40e2cdfaf02.csv,0
7f141f7f-f5f3-35e9-80bf-d18ab7269c2b.csv,1
7edd4021-44a3-31e9-9277-e58bbadefd0f.csv,0
7ed7cde9-f095-3326-ab5a-2e369704b886.csv,0
7e303899-9f13-382e-8a5b-5e18cedc9a17.csv,0
7e177023-ac96-35c7-9ed0-607d40d088ce.csv,1
7df63000-f6bc-313e-8015-e97d44b4cdf2.csv,1
7decf69f-3fb4-34f3-aa30-211f13408010.csv,1
7decb646-20f2-3535-b119-7fedcdb24672.csv,1
7d9eaa4e-84fa-3e3a-a983-ff64493f3ee2.csv,1
7d7daf20-44fd-39b4-bfcb-b5fe8c02159a.csv,0
7d0912e1-2849-39d9-a4d8-291e323580bf.csv,1
7d090ade-3278-36d2-8187-e2476d25a502.csv,1
7caf22a3-8d84-3668-97c4-dc43b108c87e.csv,1
7c9258e4-cbde-3dfb-994d-ec3b3a13c921.csv,1
7c903281-397b-3c67-ac31-4c849ca929c2.csv,1
7c30902d-deb4-3419-90dd-9d0533f21869.csv,0
7bdf6192-9ca5-3ded-88d7-09ab6e8950c6.csv,1
7b6a339b-df64-3417-bc73-4868bc168dcd.csv,0
7b536475-6041-3796-8b9a-984f02139014.csv,1
7aedcf21-fa8d-3d28-871e-051322dbd435.csv,1
7acb8d2a-46aa-3825-80e5-c4ef6b3a5b82.csv,0
7aba7d50-1d93-31e5-ad84-042dc28c85af.csv,1
7aa054a2-4e61-3afa-8cfd-f75362b11c98.csv,0
7a9f454b-bdb7-3b28-923b-c197cdf66315.csv,0
7a9629ea-df98-3cfa-9b10-09aa83fd387b.csv,0
7a914b57-c8c9-3584-b9ab-4febea8a910f.csv,1
7a6aad1a-faa3-3774-86cb-c6922758aa42.csv,1
7a4fdbd9-a390-32b8-8182-23221437381d.csv,0
7a22d5a5-cf2f-352a-bd43-23db028c6d7e.csv,1
79e5a79a-66c7-352f-b716-2585b31b3be9.csv,1
79adf68e-a498-386f-bb19-48df6a6e4ba5.csv,0
799217cb-045a-3b87-9dee-63a25ac6ebf5.csv,0
79414514-7b1a-32e7-a1d5-ebd206704ad2.csv,0
792cdff1-8840-37a3-bcb0-74770a2f1150.csv,1
786ea2b1-8278-3e99-8750-12676e60c3de.csv,1
7854d50a-7036-3721-979d-16db28c4c330.csv,1
78080432-f66e-32d2-adf5-9edf7d50a7a9.csv,1
77a60cb4-59ca-305d-a1ad-3feec9b84692.csv,0
7765d873-353c-3911-b9a9-edb2deef36dd.csv,0
773474b4-d328-3f9d-a4c3-26b45bee342a.csv,0
76ff595b-b004-3788-87ea-e9fbb7df22ab.csv,0
76dfa03a-43ed-3601-af9e-3fffafe86a00.csv,0
769063c3-6f77-3ca9-b426-0c1aba3592f1.csv,0
7675de3c-f039-30b0-b64c-06a2cf2bc30c.csv,1
7668c480-02a3-3657-b0dd-54651c0e50c0.csv,1
75e5395c-032c-334e-add4-4fa9ea27febb.csv,1
75da0103-c72d-3f23-95c9-68eb28f6acda.csv,0
75bc28a8-6b8e-322e-ad64-8303f817e453.csv,1
75aac59a-f50b-3489-92bf-b11328c60cf1.csv,0
75a9f9e1-d11e-3ed9-b9fc-4ea52cbbfe17.csv,1
75743833-8970-3c15-b95a-9fcc55926b25.csv,1
7543c5ba-85f5-3e0c-9695-e54a82329526.csv,0
74b0e834-bb35-3ff5-9b64-55564896f55b.csv,1
7489cb7c-06a9-3b2b-b8fb-071f2270cef8.csv,1
7460d72d-8811-3d19-a471-528608b49652.csv,0
73df0cdb-86c2-30cd-a946-b72132e457c3.csv,1
73c13ec3-df3e-359b-94bb-4afce3fd10a2.csv,0
7347cbac-4a58-32ab-9f3f-860242758a78.csv,1
7337b731-8282-3b03-aca8-f89ec7b0cb33.csv,0
72e8b32b-3881-3f4c-8a9b-3fa56a4daec2.csv,0
72a0479b-6c7c-31bf-8eb6-d099ee785d6d.csv,0
729b5184-88bd-36ce-9a96-547992c1b0b4.csv,0
72445610-75d1-3b67-a09a-4113e974d7bb.csv,1
720000d6-4f97-3f45-bde5-0ac88965583a.csv,1
71de3a09-e5b1-308e-a49b-6b03e0626c2c.csv,1
71bb35df-192d-37e7-a55e-28fffeeaf645.csv,0
719e56f3-4df8-3235-8363-f175dd1caf4c.csv,1
70f79526-6fe9-33c9-8b84-fba968d223ae.csv,0
704c3796-7ae6-311e-9397-f20ad2a4a42b.csv,0
701793d8-6a69-389f-be59-5ae936cdbc6b.csv,1
700b668d-383c-306d-9514-00575ac1c1a7.csv,1
6fdcf272-5257-3fd6-a711-cccff170156f.csv,0
6f8e7d44-5df9-35c8-93fb-a0151da2ec3f.csv,1
6f8b6122-89fa-3698-a170-a1fec3ce83c3.csv,0
6f540dd2-abb2-3d64-886e-a227ee96524e.csv,0
6f4a0ddc-4c5d-30e4-8ca8-67e5ce0bfbf2.csv,0
6eeeb69d-6b9b-3d2e-b3bc-b0b8537e7715.csv,0
6ec253bb-adae-3530-b4d7-cfb9e18cf206.csv,0
6eb6072a-a907-357c-a90b-2867afba5cef.csv,1
6eb076e0-d8b9-3a29-ada4-7dba4697c478.csv,0
6ea67b98-1b42-3988-8de2-7b5213c551ba.csv,1
6e9a67a5-5a94-3c28-838f-47a9d7257292.csv,1
6e390cd3-40e3-363d-af5e-9d9054e1b6ba.csv,0
6e16c47c-bf9d-3380-a1f1-055e7589dc9f.csv,1
6df63fc6-65d0-3cad-b480-01f4a4e7ffc9.csv,0
6dea839d-cb5b-3e88-860f-d88ac3251bdc.csv,1
6dd1714e-c93b-3e16-a9b7-2a9fc27df6c8.csv,0
6d2a7a84-f8f3-36a6-9d45-9968d014cc5f.csv,1
6ce6a368-b37c-3f5e-aef6-38424d1c68c6.csv,1
6c79fa1d-1214-3ec2-9088-a7bf0237e681.csv,0
6c1ba9d6-9a78-3785-bee9-c5e8f5f58909.csv,0
6bf94af4-4847-3a56-9d12-85d3de476fbd.csv,1
6bb0219d-1469-35c4-b8cf-ada9c46d2d8a.csv,1
6b5b7c3a-54e7-379c-8495-828f1bf6ee25.csv,1
6b34b6ff-31ce-37d4-bc8a-784c8869daa1.csv,1
6b1089b2-10af-3f19-99fa-0fa70c0206be.csv,0
6ae400d1-92bb-3af7-9a58-a1d83053e8ac.csv,0
6ae12713-9cc7-377c-8748-2440365ed49f.csv,0
6ad5baa2-49b0-380d-a099-9066a655a2b1.csv,0
6ac1320f-5a4f-3e0b-9c45-87e4fdc3e8eb.csv,0
6aada500-eb22-34b9-8af3-c901c0516e75.csv,0
6aad6a8f-4516-34af-8eae-134db5759176.csv,1
6aa69c9d-52b0-338b-8603-11f8566a2828.csv,0
6a8b04cd-fa7b-3f9d-a987-0b4691bc0aa8.csv,0
6a672658-8207-39b1-b6d7-8bb328280122.csv,0
69eea95c-e24b-3e04-b073-61d3c831ca39.csv,0
698b058d-9ac9-37c5-b91e-125467f81c09.csv,0
696b5b23-c26d-35af-a3f3-26bda539f72e.csv,0
6950f523-7479-3a37-92bc-df3b54f35309.csv,1
6800e6d1-7281-31dc-b82b-61b04212c8f8.csv,1
67ce9e99-b405-36e8-a85c-0ce091d74ee5.csv,1
66c70dc4-48aa-3f9e-accc-944080f3a3b2.csv,0
66ae7311-5345-3737-9e66-404fb1d05d1f.csv,1
66899570-7f1f-3143-aa9a-5e8c92857c8d.csv,0
6644cbd3-ed44-3f79-ab26-d9ac760da3e3.csv,1
66087eb7-3137-3144-9040-3a3eceafd113.csv,0
65df217c-210a-3f81-abc3-314dbe4a8f0e.csv,1
65cee43d-c616-3924-86bb-a0ee2e054c13.csv,1
6558c876-4168-3851-ad6d-c8165d6403ef.csv,0
64da0ad7-5c85-302f-b355-2709ca7c4437.csv,0
64a0e50a-d177-324e-85ca-8601e4718c47.csv,1
646abf98-9fb7-3154-95d3-379a2cedbefd.csv,0
644f71c5-ce26-3450-9fc4-aa76f89d2a84.csv,1
643429ac-e844-3dd8-920b-591d7dce503d.csv,0
640dcff8-f39d-3b7b-b7d0-638666977ecd.csv,0
63e6ef9f-3209-379e-94b9-4a5145b9d521.csv,1
636b2f04-10f5-3a64-aecb-62c54ff7e235.csv,1
634eb901-7a4f-36af-a175-af06ff07b290.csv,1
62f603d7-45b7-3358-ba25-107830ec8687.csv,1
62ce5060-f854-3b44-b84f-0f14608ddcff.csv,1
62aa0150-ea70-33df-a397-4d728ecfb30a.csv,0
6294f8d1-11e5-3b62-af1a-d052fe895e75.csv,0
6233384f-114f-3c46-bd03-f2de75832a11.csv,0
61dc5580-dd5f-32c9-b144-022b4f809661.csv,1
616cf761-bec9-3d1c-8df0-dcc4ae80b2e0.csv,1
610cb128-3193-3e95-85ea-4d869671deb1.csv,0
60f2bfd2-5105-39b1-8729-4b4cd08b8202.csv,0
60e9be5a-4225-35d7-996e-d0daa85de2a7.csv,1
60dfdb37-2fa3-3af5-9e69-f96a960ec1f9.csv,0
60c151ed-1e74-307e-90dc-b6d55b7595d0.csv,0
60c069d4-4d06-3c92-b810-6ae85ef19a31.csv,1
60448dde-159c-344b-9070-a94445611310.csv,0
5fb0243e-7457-3202-9644-6325f74fbcf1.csv,1
5f964802-add7-3178-a8eb-9b2bf0dccfef.csv,1
5f95ee4f-6abc-3b6b-89da-e9b39f4d6ae6.csv,0
5f76e324-1d08-34f9-9f31-54722e873183.csv,1
5f64b71b-2f49-37e8-803b-ac541170a39f.csv,1
5ea48f38-cba1-3186-bdb4-ac4137e5abf8.csv,0
5e81fbc6-3530-393d-8a75-04392ed62e86.csv,1
5e652501-2ac6-3aff-b6bb-daaa578d83ff.csv,1
5e626fb8-f230-3d42-bc1a-e537832acd2a.csv,0
5e5657b4-ad98-3d91-bde6-579749e22d7c.csv,1
5e45e1ad-7002-365a-8bc6-25953dea2e4d.csv,1
5db254f3-d50e-3736-bbfb-4ffe40a5e510.csv,1
5daa80e9-f47d-3dbe-a044-d3f3a32d60ba.csv,1
5d230763-30b7-3106-8581-33e66d79d5ea.csv,1
5d04f8ec-00ac-35eb-9d55-1b76d1c99672.csv,0
5ce999cb-a3f9-3595-a160-d9a2d39059d1.csv,1
5c834a8d-d54d-3223-a30e-b17e9f1baae6.csv,1
5bfa85da-7694-3dbf-a217-f4730c7e0082.csv,1
5bd88b16-dd42-3f50-8630-2bd98886c490.csv,1
5b3bb63e-8025-3de4-b8ce-777f671a9758.csv,1
5b22de66-a3ec-3702-8053-9640a80fa58c.csv,0
5b09ba84-d540-30a2-acd1-1fb40629e47f.csv,0
5b0233bb-17ba-3ab5-a9a4-d522fe3fa31e.csv,1
5b010ced-3287-305a-bfda-55bd145617c6.csv,0
5af6b8db-a756-3326-9fb6-2f73de646611.csv,1
5a77b554-cf54-3fbe-9941-b5c16bccff28.csv,0
593ff621-9a10-3e6b-8f02-eaf4734467d1.csv,0
58ab50a0-194f-3a18-b472-37cb1f877261.csv,1
584fd428-c1a4-38eb-84ac-2472a7fed871.csv,1
583da965-d328-3bd8-9413-683a29d3b609.csv,1
5827993d-6c41-3440-9940-c23f790f7d22.csv,1
57fce721-02fd-32b4-80c2-196b678e6ca0.csv,1
57f72bd7-2a01-327a-9dd9-e7804aece941.csv,1
57de2893-4a89-3608-a2be-615bc8490475.csv,0
57dbf087-203c-367e-ab81-4200a7b5989a.csv,0
57c92419-410e-3e3e-b0e9-e33282414c6e.csv,1
577f5010-92b8-38d6-b30c-12627e9b3e16.csv,1
577c6b5e-6bda-39e8-9e9e-5b2b450ad692.csv,1
5767e324-b1f2-34c6-8fe8-bacb2d4f7144.csv,1
57645556-f560-31ba-8d61-e7cf8c4ec0b4.csv,1
5733a858-f96a-333e-afe2-b57721c67878.csv,1
572cde52-0bc4-3604-845d-80d5a181e16c.csv,1
56e4e8f2-e49c-30ca-8523-e177b03c62ff.csv,1
5665995e-34fc-38b4-a011-e67eea2bf273.csv,1
5655fdea-9a03-3a0b-a802-5de78c36dcff.csv,1
55dc6a80-db30-3082-adb2-5b22dff9d1cb.csv,0
55b891f7-0040-38e3-9820-245dc3ac6109.csv,0
55b32683-7f24-3962-8117-72157a219c53.csv,1
55b26739-afef-3427-87e2-661a284dfed1.csv,0
55aada5b-a4c3-364d-9818-af026c780ca7.csv,1
558c76b5-4fc8-3c73-8651-0d041fec1d07.csv,0
557ac4c7-c600-38e9-a5d8-8826224e0c72.csv,1
556c0d16-f4d3-3d59-88f8-1c6d2ff75603.csv,1
54f9170f-3675-34b7-8335-8a83c64c6bd9.csv,1
54ae2ed5-4a9a-317e-87bd-c003cea4f829.csv,0
547c85b0-9918-38bb-9cfd-f2023aae318e.csv,1
53f311b5-2aed-3027-b73a-5f3439c2bbd5.csv,0
53d2a801-c424-3bd8-ab5d-95467a9611ee.csv,1
537d4507-d200-3fd8-b83f-3eb7fe0e85e4.csv,1
534a2356-12a0-3238-8c21-8a6b6adb5723.csv,1
52279eee-95e4-3cdc-9b06-0b0b807ea97d.csv,0
5211fb78-c8b1-3f60-bbf5-b1f367de3c2c.csv,0
50f1ad0c-062d-3074-bce0-2adedf2b2879.csv,0
50798cde-1cc2-305e-bbee-b279ebe6a67b.csv,0
50115b45-0021-3e38-acd4-2e6321fec95b.csv,0
4fddc6ad-8fef-3ca9-acba-0f6d87eb2629.csv,1
4f63d34d-3ac1-3748-ba9b-f5b631c0cdf1.csv,0
4ed8c425-aa50-34c5-9b81-ded59036c2d8.csv,1
4eb607d5-555e-3a13-9ced-c6ac7c159bd5.csv,0
4e8f2884-c5e6-33ce-b99c-b38764ccabf9.csv,1
4e76d464-81fb-3ffb-b8c1-b52fa252e8fa.csv,1
4e549d9f-04d3-3824-8c27-2740870dc585.csv,1
4e450294-29da-3c47-9d9c-ebeb651580c5.csv,1
4e3b0a06-e07d-3fe3-b6df-1cc94152b9a7.csv,0
4e17cf33-863b-39a9-9b68-f30fa5de3fcc.csv,1
4e086188-301e-37cc-a063-8149bed65d6a.csv,0
4ce07f49-158c-3f97-b2de-27e4e8470594.csv,0
4bc33e62-b5ed-3f38-a3d9-1383c7138dad.csv,0
4bb0a79d-1e15-30ad-9211-fab315eceb24.csv,1
4baee10d-5864-30a5-8229-3da90a3c91f6.csv,1
4ba2d47b-5709-3a26-8a91-d258c921e8e5.csv,0
4b4f0964-5e97-3fe2-9826-76355abd40c3.csv,1
4aa48740-991b-356a-bde8-ef023224ea7a.csv,0
4aa02f2f-f2b0-3318-9fbb-fbd3e0b4182b.csv,0
4a0f1f80-5824-363b-8da3-1432fc4e23ed.csv,0
49edb399-65a5-303c-9fde-575ef806e08a.csv,0
49b64f6a-ae48-3bfb-95b9-1d56f6999e99.csv,1
49b33d74-f87a-3b16-b942-8cd67ce4a73c.csv,1
499e32bc-ac0a-3c1b-9458-2ed222b7aac7.csv,0
499945c8-cc59-32c1-8663-5c994ee5fc48.csv,1
496439b4-2925-36ef-a7aa-9d1d96669a33.csv,0
47b06e26-7d24-3ef0-bdb0-30b3703274c2.csv,1
476d5cfc-8fbf-3a77-b7d3-b30ead040bc6.csv,0
474bf07b-2da0-332c-b4de-5152867cbcc3.csv,0
473998a4-3fed-3a0f-9b46-4e71853f33fe.csv,1
4721edd5-7c4d-3b86-ae44-5d9653f5ec88.csv,1
468d514d-fac1-3415-a5b7-3c764cbdbbbf.csv,0
46715208-77e1-37c8-9290-18966a715a8f.csv,1
45b6b424-e720-3bcd-bbdb-f6c9a33cf648.csv,0
457fd44e-54e0-35d0-91cb-837ee50a858b.csv,1
451ec8e7-e19c-332e-874d-1dcaf06bba56.csv,0
450c3058-10e0-30b6-b3a6-db2918d656c2.csv,0
44172a98-425b-3ef0-aec3-e02dbdd73fb7.csv,0
440c1940-7710-3e31-8a0b-af9486cc8aa4.csv,1
44045c11-8b0b-3e91-b389-a7760dfaa436.csv,0
44020fe4-8b5b-3bf1-b3db-a1878761ebd7.csv,1
44007fdf-e0ec-3af5-9399-fcef4f156b2e.csv,1
43ede9ae-4fb1-34ae-a939-f2199a84587b.csv,1
439705fc-3a91-34ce-8bce-51de8d10ea90.csv,1
4390bd2a-b5cf-318c-b8f1-ac04e4e80874.csv,0
435ac9b8-8277-3d7e-8000-e1d659b5fd2f.csv,0
42fe443d-a4b3-3987-aaec-dc1c42baeac1.csv,0
42eebaaa-f40b-3ebb-8874-e04f795a0fb4.csv,1
42d6b4ae-9448-396c-affa-435e68a54b52.csv,0
42c681b5-0123-3cb6-898e-0c76ebfc2ff3.csv,1
4213c490-d311-38d8-af0f-7e963e2d8f77.csv,1
420af8fc-43e2-301f-9100-d113ad880170.csv,0
41c6b0f9-732e-318d-a55d-54799492b4a0.csv,1
41b32a19-0b28-3076-9383-1b479ab157a0.csv,0
4161a8cd-041f-324a-890f-e814a4125935.csv,0
41510122-bbda-3932-8536-edf5ee8d4bf3.csv,0
413f9e57-1124-3812-b7ed-6528011fe2f5.csv,1
410b6bfa-ce3a-32dd-9bf2-874515a4d98a.csv,0
40ffc7c2-8f2c-3dc0-bd49-f51f9a20072e.csv,0
40d387fa-d9a4-3178-afe5-fc5434deac1a.csv,0
40c144a4-f8bb-3e55-a543-a82afd531d45.csv,0
3fe16e69-31d4-32fd-8015-b2b0a712fdce.csv,1
3f07cd84-b6c5-3ab9-871c-d4fae1757ec9.csv,1
3ee3ca67-60ae-3b84-a420-3e58ee6ec819.csv,0
3e7b069b-9c26-3de5-9307-cadee8a05cbc.csv,0
3e673065-d2f4-30bc-9509-a671de6dd028.csv,1
3e2d87aa-8ed0-3065-91b3-4d8a5e509dc9.csv,1
3de534fe-eb48-3779-affb-d9d78ae4741d.csv,1
3d87c4af-d6f4-3b94-8923-d248e23dfc41.csv,1
3d6fe31c-ac2a-371b-9335-75ea248686aa.csv,0
3d15613d-95eb-3eca-869e-c05997a1c5cd.csv,0
3d118585-d1ba-341d-bd89-5e9e4ce3f0f7.csv,1
3cf5cd59-ae1b-3e3f-8718-ce9227e6bf9e.csv,0
3cf2738c-3329-36d8-9716-f3652325a191.csv,1
3cf0bc1f-4985-36cd-bb85-f8cd9558382c.csv,1
3cd0cf7a-4d43-3da8-bcab-a043936a7c1d.csv,1
3ccb3b33-2c81-3121-ad52-cda59e10cce4.csv,0
3cc314d2-c552-3d3a-91f1-03e2401600cd.csv,0
3cba0432-b098-3227-829a-67ce9c71e678.csv,1
3c8ac752-13d4-3114-963b-1775ef6138ab.csv,1
3c81465b-680d-3e39-bf40-8e748f0b0669.csv,1
3c5ba164-4cb9-3554-925b-93c8a5ac9944.csv,0
3c432a74-8914-37db-ae06-e7f547047eb9.csv,1
3c01aa94-e18a-3520-a54e-b055ed7b6034.csv,1
3baa9d46-900b-3a72-94b6-34c6e07552a8.csv,0
3b8bff64-3edd-3c29-b667-ed5b34fdc926.csv,0
3b3be430-f88e-36a9-98c8-59f3a1ccb232.csv,0
3b1570d2-2049-3bea-bc4b-77d7698b0500.csv,1
3af61d67-daae-34f5-8353-a94a2f5246d5.csv,0
3ae29fbd-5f46-385d-837c-3c33b49d1aa1.csv,1
3ac734cd-3321-385b-872b-16dff0d8aa10.csv,0
39dab927-4265-3e80-b2e8-4f6b2c762b97.csv,0
39d7d19d-92fb-3ba8-8b94-6385b59dfe32.csv,1
39bed50a-a51e-3419-b68a-37242fd2e285.csv,1
398e04bc-a787-35a6-b070-ab6fb1a50c83.csv,1
3989fd00-45c9-3aed-bda2-1fbd1a17f292.csv,1
39697d6a-d838-3f8c-91f1-c4fa2ae235ab.csv,1
395f973a-324c-35b6-800e-dd76a1166e5a.csv,1
392860d9-40e7-37e4-af4a-63ae71ee2925.csv,0
38633ea5-cc6f-3c13-9f84-b47f9a76736e.csv,1
37594a4f-843d-3d55-8dc9-9045174e7ee0.csv,0
37066fee-d3d9-34db-bccf-a51adaa12771.csv,0
37036caf-f398-3d38-9f03-3834157a3ba0.csv,1
36faca6f-8089-3909-a82f-30d27e201678.csv,0
36dc10d0-0814-3e2a-a3a8-af29fd88583f.csv,1
3696b525-e117-375c-b493-d8ce7f420379.csv,0
366e2ab0-e40c-30c3-8b93-6f74934f70a9.csv,0
362d52d0-776e-37ab-922a-488b2191b603.csv,0
36195f22-b278-3840-884f-c9c4bc4045fc.csv,1
35e12072-b24e-39af-9649-31fb9b36bffa.csv,1
35d28edf-b121-32e4-a0dd-824cd8e23996.csv,1
35c3b5df-790d-3176-a672-b9a0d4448cea.csv,0
35861965-4ab2-3ad9-9c57-f48296c6e1cf.csv,0
35672cdc-1a9c-385a-af8f-3be582353f0a.csv,1
355cd7b4-6c34-3465-9616-4c66239bfc48.csv,0
3558e068-f72b-3ba0-b42a-0d1ac7207cf6.csv,0
355381cb-fe2e-3412-8921-57b481b4dc33.csv,1
34009dd1-8d4d-3434-96de-8755fdc89414.csv,1
33d4c7dc-abfb-3116-a6c4-9510a8bf6461.csv,1
33bfb86c-44ce-301f-a3ed-a8506241c901.csv,1
331d914a-a696-3c0e-8c2c-f9cf4f5fa75c.csv,1
32c62e2e-4787-365f-96a8-33b72bc023ae.csv,1
32c2b63e-1f52-3965-b6c4-2298501e3573.csv,0
3265f07e-7ddb-36af-a563-26e4046abe12.csv,1
31ef5d53-6296-3360-b708-c7d0368f182f.csv,0
31d1b24f-9d88-3d12-bfb8-7d371168321b.csv,0
319707ff-93fa-38b4-91ed-2aaac35b8a2a.csv,1
31911382-445d-3b9b-85ee-3eeae726b174.csv,1
316f8a7d-46e6-3c5d-8ed3-b3e2c2cecdf3.csv,1
3161e8f7-2f09-36df-beb3-cfe771238566.csv,0
31063f0e-3bb9-3ffc-80d4-401046b8dde6.csv,0
30a3ab52-e837-3020-96b0-dc172f677814.csv,0
30a24f3e-448e-3f69-85c0-2f38e1d3580e.csv,1
3047a28b-da86-3622-b998-4f93d3590f38.csv,0
302e7f63-1efb-3620-a0f6-284783ff0e4b.csv,1
2fe5522b-da4a-30f2-9202-ae7ae34c3fdf.csv,0
2fe26e51-4914-35ec-9aad-f794d1bcc58b.csv,0
2fa72111-0b60-3b5d-a93a-c50fff86a9b9.csv,0
2f713873-4157-3f96-b7a8-b719ac555fd9.csv,0
2f65139d-0051-3973-930c-7c54a3034ed6.csv,1
2f64d54f-91d0-391f-a657-095c0e678c9d.csv,1
2f4d5e70-0469-35d1-bef1-840ad1a1966e.csv,0
2f2aaf57-5160-30be-a9c2-cf5b0b4b8e5d.csv,1
2ec73b18-d097-3180-83c4-22e1cc208027.csv,0
2eb7ee10-307d-30bc-8820-98b81cd2950c.csv,0
2e9708f4-36ad-39a6-bee5-94cb96d2ba72.csv,1
2df0ae8e-b0c4-3615-b9f0-7ce3b369a0d6.csv,1
2dacf61e-7920-361f-86fa-0ca9972043dc.csv,0
2cd58cca-0d2e-3cab-9ffa-4639bbbb4592.csv,0
2c7c5b3b-bd78-3f9a-8f95-672405e04e7b.csv,1
2c56d7fb-48ed-32b1-ab1b-89de20b38600.csv,0
2c560a17-f653-33eb-9610-2d9bec218215.csv,1
2c482683-baa2-346f-bd00-47ee8aad5ecf.csv,0
2c2078ca-0f22-3533-8500-a9c429f74408.csv,0
2c0df6f3-527c-3165-a6d6-9acfdf51ff53.csv,0
2b9a34b4-ac71-37d7-8d5e-12cde7819acb.csv,0
2b938d20-b8f3-351c-b8a7-22fd7d707fc9.csv,1
2ab4abd8-1bbb-3dc6-ae84-e2c3f0314cf6.csv,1
2a2bf7c4-5040-3d06-9e61-2f4c8ee59deb.csv,1
2a2370dc-24fb-3f8b-8616-762e90ac8b29.csv,0
29fa4a60-8748-39a8-aaf2-935626f58015.csv,1
29ce68b3-ec41-3d34-8718-b959c36cd297.csv,1
29b85fee-9630-3b08-9f4e-5a1ef17fdb9b.csv,1
29ab1ede-ac72-338e-b185-10be2f640c98.csv,0
29a9316c-377e-300a-b5c2-1d74074df2c9.csv,1
2962f757-8fa4-374c-88b5-27179b0ca7d1.csv,0
293492a1-80d3-3de2-92b6-9528363f0422.csv,0
290fd147-a091-314d-836d-0dc8be3e5da4.csv,1
28b0ab88-ad7e-3c0b-b76a-296ae579788e.csv,1
2891cac0-29f7-3e7c-a527-9b579fb06a8a.csv,0
287d0b1d-df6b-3387-97a5-5f08de9e9471.csv,1
286e50a5-32ef-34a5-891f-9fa7c0cc5a06.csv,1
28661664-27ec-32a5-bf73-6bc784f0f862.csv,0
28319c30-957d-3d36-9ea5-71534f94e889.csv,0
2819c443-de2b-38f1-a095-84907b3300f6.csv,1
280e0103-f9e4-367c-ae45-6a579482f8a9.csv,1
27f19c4f-ecf4-3449-bba4-ef190c7a1f77.csv,0
27c4045c-53a2-3d1d-a5fa-52c5fa113dc7.csv,1
277bec37-e443-37bc-b849-ac65a6856d6f.csv,1
27485b86-d053-37d5-ba04-9d966e09d159.csv,1
2726b909-6172-34d6-9f62-fe7382e3c558.csv,0
271f45ba-a353-3088-81b4-e99728a8375e.csv,0
27142d8e-8987-3633-955a-ac5cc58dae19.csv,0
2703a473-fe4d-326e-ae9d-6fb3862b085b.csv,0
26f1dc37-2020-3650-9545-2fa52dc16dcd.csv,1
26e4faae-d04d-31e4-855b-5bae52b642b3.csv,1
26c3e174-34cb-3c6f-a85b-4225309cd0eb.csv,1
26ac2528-ea93-35d0-8b07-ee6a80ddcb49.csv,0
262c5fa2-24bc-3c22-bfa3-33bdc6369a6f.csv,1
24d2b5a4-946c-3f00-8968-133c031985f2.csv,1
24aa31cc-bcc7-3bc5-bdc2-bf0e74461352.csv,0
243c5f91-4871-3c13-a122-bbe32889f83e.csv,1
2416a5b4-8241-3eac-87e1-3803e456354b.csv,1
23ef72e0-490d-32fa-8daa-fd9cd604df3a.csv,0
23b124bc-bc69-31fc-b9b6-9891ffd0281e.csv,0
238b74ed-5d71-37c9-b354-97e734818976.csv,0
2376de84-1a27-3bf9-90dd-5870452f5867.csv,0
236fd862-ec0e-31fe-83d9-df4409dfd6fe.csv,1
22daaefb-1d6d-3312-a994-edc4dfdb63e4.csv,1
224478f6-4a47-3d84-8e77-55368e281173.csv,1
21e1854d-e830-3ebf-9a09-4de11e3184ab.csv,0
214f3ee1-4f8c-33f6-94a3-7c5b707c6172.csv,1
20ce20ea-3669-3482-b702-a0a28c4da2b5.csv,1
2093ee84-8c05-3ebb-9c49-e84e41e5d9e1.csv,0
202e9144-2165-3ded-b45c-0f35b9ae1774.csv,1
200d34d5-54e2-3d62-b33e-047b989933e3.csv,0
1fe71ee6-e92a-3a04-8c94-8cff77a0ddc1.csv,0
1fd04405-fe7d-39fc-8983-d313668af0c7.csv,1
1f9bd15d-56e5-381f-86dc-1a304349b29b.csv,0
1f7b796f-e935-36b2-82bd-0f8df5c1572f.csv,0
1f515e8c-01ef-3d72-9612-363431621616.csv,0
1f29cea3-11ed-334a-8739-5f9118e26602.csv,0
1f1d5393-f4bb-3043-a3aa-72a49d173202.csv,1
1eb4aac5-c7fa-30d3-a533-dfa767b6e744.csv,0
1e6f5c42-b6d7-3560-89e1-393476ba42ad.csv,1
1e420020-2fbd-3d82-b614-2a84b83722e3.csv,0
1d9d5ceb-cc6b-305d-9ef2-d6c42629373b.csv,1
1d93d247-a8fe-3265-bfc0-2b5e96554b47.csv,1
1d554c4e-3977-3186-865b-a10471284038.csv,0
1d1bc586-2bfc-3850-9d93-6a8359f9808d.csv,1
1d0b6641-0371-3795-a667-6afd9358296e.csv,0
1cf6996c-5275-34f7-8826-1812775021d5.csv,1
1c7437ce-358e-3743-8570-33aa93e558fa.csv,1
1c49fb30-0ca8-35f2-a360-8e0057868290.csv,1
1bf9b9e3-c5aa-374b-9997-722313a1969d.csv,1
1bb5df4f-b4aa-3a96-a66c-14f2a94c50ee.csv,1
1b1d2a71-37b5-3418-ae13-f5085b94e171.csv,0
1ae31577-9fdb-3ce8-897e-c0e9aa1d4804.csv,0
1a75e9a2-eb78-32f7-bc70-c7038174d7d1.csv,1
1a53e77b-41e4-3ddd-94e5-24da80da6a23.csv,0
1a44eadf-67d7-39c1-b2ce-5546d1e65d2f.csv,0
1a28f884-8233-3020-ac3e-71c2346d73bd.csv,1
1a0cfc89-75bb-33c5-9deb-f03957f12d22.csv,0
19f813fc-bbb2-3e5a-b39f-bba566aa51c2.csv,0
19c2c3d1-12a5-3842-b240-0e66f9d326ff.csv,0
194912a7-6021-396d-9cd5-e34c020f798e.csv,1
1942fce4-03d2-3dd5-8bab-1a1f742ce0c1.csv,1
19323772-2416-351c-a0da-763846c758b4.csv,1
191e77fc-370a-35d6-98e1-575942829272.csv,0
18b7525b-27ad-3c7e-81ce-ef7301323235.csv,1
18758961-9869-35d7-93cb-743e759aedea.csv,1
17bbc283-cf8f-3bc1-b7ef-bcb51bd70782.csv,1
17b395fd-7d47-3bb6-b01e-2e6436614346.csv,1
17894ae4-15a0-3d46-922d-8bcdf016ba45.csv,1
172318d1-9f10-3d66-a320-6fb6781d800c.csv,0
1693b02d-9458-3ef1-85d0-35a4944941a7.csv,1
15c3a076-f898-32c5-838a-75cacca154a6.csv,1
15c27862-65c7-3294-bc3e-0b361e9ed6c4.csv,1
15c1a08d-f11e-3b7a-bc2f-2d3688dd65a9.csv,1
1555d58e-9446-3d6a-bc87-9fcc36b9f3f4.csv,1
1539a7c2-e109-3d00-900c-e7b9170c844a.csv,0
152546b1-6ee7-37d1-afa4-9e214e562339.csv,1
14e4fb13-baad-3a63-b570-cd15f0ead794.csv,0
14d04c74-3189-3a3c-97f5-8e4be999fba3.csv,0
14d00cc2-0205-397c-bbf2-6a8271b83e0d.csv,1
14b191ed-f993-35f0-8d30-846612b54b37.csv,0
147fc8cf-6873-3489-939f-edf655330f50.csv,0
14617f6e-834e-357b-ab98-bd0abd213fcc.csv,1
144d9678-c867-3d5d-b005-074c5703dd21.csv,1
14090ca3-a8bb-3df7-aa73-0d3efda24cdc.csv,1
1388da3d-0ce9-369e-902b-d73711ec8a53.csv,0
134fcaf1-c731-3ef4-a23f-2933b8424499.csv,0
1323db68-b2ca-375f-8694-feb2ae0433a8.csv,1
12e948f8-f911-3c10-8baa-8f310361cb8a.csv,1
12d7af6f-61f3-3b13-af7b-5879007c30f3.csv,0
1248c6d3-3ea5-3816-80ee-e25ee1f90249.csv,0
120efaa1-eeea-341f-aaa6-f30bab0d02ea.csv,1
12093289-c3a7-39c0-99e7-471314c0dbf9.csv,1
11c98bb1-e040-319a-94a5-09b35c9cdbae.csv,1
11a7aa94-631f-30b3-b2b5-044e0b061705.csv,0
118f09fe-4683-3add-bf31-26bc58b4cdf4.csv,0
1128d63f-3d42-3cb4-8bc6-26c30469546d.csv,0
10fcfc06-e056-3711-aa07-6097019e4e0a.csv,1
10f3870f-72f0-38fe-b182-dd7d47eb83d4.csv,1
10f0e030-29fc-35f7-a38c-5c645828aa3e.csv,0
10dd557b-f782-34d1-97ea-36f02111a997.csv,1
10d786d7-3beb-35d8-ba8e-ff8d28927d5b.csv,1
10aec706-12aa-3a4a-998e-6c2f5a3bd5ef.csv,0
10a7425a-76ab-3fb9-97e4-377b0628e038.csv,1
10945d22-3a3c-3b2e-8e1f-f2237c56f469.csv,1
10772443-cefd-3706-84bf-5906ac65b05a.csv,0
10743a87-588a-383b-9751-0955e184b8e4.csv,1
106384dd-1690-3b1d-ad08-a8cb5b2ac4a5.csv,0
1053e3f1-9872-3675-b051-db751877533e.csv,1
0fd613f1-2629-3af9-8306-e1eed459d05f.csv,0
0f8f45b4-9240-33fd-8976-eeb1b8ad8f30.csv,0
0ec1adfe-369a-34f2-a669-1c95f3581f2a.csv,0
0e8c6117-3ecb-3a2e-9c2f-811b4c64c3d3.csv,1
0e52a9f5-ecd9-3469-92a6-317d365c88f7.csv,0
0e4098dc-c001-3ee1-9f24-5773db52b695.csv,1
0e163970-fe4d-3eed-95d8-0d43b68d41c4.csv,0
0dd8ca89-765c-3b1f-b0ef-3184ff9ecaf5.csv,1
0dba5d33-2b74-375d-8ead-e372581d7294.csv,0
0daacd95-dd45-3eef-b944-dca990178f4a.csv,1
0d54d02d-318d-3780-ad32-5fe2f686c3d6.csv,1
0d1dddf5-64cb-34df-98b7-e1b232c6f99f.csv,1
0cfaf055-0199-3cbf-9192-4c4a131cf4bd.csv,1
0cfacdc7-27c6-3174-b22e-cc4f8dbcdfc0.csv,1
0cf3a3fb-5178-3563-a290-757e1a35f4d3.csv,1
0c63c5dc-5147-31ce-8ccc-d49317669991.csv,0
0c37c7f6-654c-3872-8ab7-7225acc72f00.csv,0
0c1d1733-cc3d-377d-9ba3-08857071c0df.csv,0
0c0cbe82-bfd5-3111-a25d-8d4ea2156d59.csv,0
0aff6f77-c8b1-35c8-8619-0df61e89202d.csv,0
0a99aa79-91ac-38f3-b742-0fe4fdafb7c7.csv,1
0a85733b-9fe1-3826-9c53-70f217a773f8.csv,1
0a7af474-a391-374b-a564-a89a6038f6d0.csv,0
0a544f66-6ca1-3680-b008-097f08f307d8.csv,0
0a4f2746-151e-3413-b31e-fc608d5ad7dd.csv,0
0a450ac8-32ce-3a05-a7a9-9a60335221d4.csv,1
09f40df9-cd95-3a6a-9f49-1b84c8c70009.csv,0
09cbfa8e-a984-3e72-85c1-93b1f290f2d2.csv,0
09c6bf7a-3664-30b5-a0df-468aba06e036.csv,1
08ac1f3a-e714-3896-a1cc-8e1796f665ce.csv,1
08a93465-440f-3b08-bc70-94a23498031a.csv,1
0889e975-5274-3f0f-9a94-79c265fbc1bd.csv,1
082c7887-bf7b-3827-9c55-a8fdc15ea8b6.csv,1
080feeaf-7644-36cb-bd2c-6479c5b9acf4.csv,1
07b00389-bd30-36e0-b78e-fbe405fce11c.csv,1
0780528d-c1f9-3efe-9fc6-b14ede7945a1.csv,0
07617e3c-2e33-3d0c-84ba-10a5da789cd4.csv,1
072d979c-9500-3620-a1d8-6adf752ad8a7.csv,0
06d51656-0b58-31e7-8d8b-4c82659e6b46.csv,0
060dd178-a198-3b7b-9fa1-c687cc6a4f88.csv,0
05ae8c07-08d2-38bc-a91e-a19fc13bffd9.csv,0
05884e5f-8963-3ebd-8a6f-09ddd842611c.csv,1
057d8810-a77b-3f04-bef9-de112133a4e4.csv,1
057907b4-2eaa-3052-a970-65291d7a060a.csv,0
05565198-739b-3250-9ff0-38e4f323d27e.csv,1
04ae2e38-2ff2-32a8-876d-01f2eaf6bb39.csv,1
04796e80-13a0-3492-8fce-c28daf9c2179.csv,0
04715661-dbb7-31fb-bdbb-5a0d04e6721a.csv,1
046744d7-8623-3f3e-8b93-61a68d82b95b.csv,1
04533f7e-8504-305d-9363-c0a7275d8945.csv,0
041b7f1f-5fd8-3784-a7c2-de272ae4ab94.csv,1
038f8032-92b4-3e05-b209-b1d5d3b8666b.csv,0
038600c5-0eeb-3cd2-a545-b9d6522316c8.csv,0
036845b4-d7c9-3206-b946-6887f959bc6d.csv,0
034da2f1-653e-3874-872b-87341b24d88f.csv,0
033b2a5c-a8e1-347d-8fda-c6a8320a0d29.csv,0
031cef5b-c2f4-3c4d-a605-801ff8262bba.csv,0
031b3fa5-5751-3cbe-8049-6898d09fdb43.csv,1
0314aa64-3e40-3512-a9eb-90c2c73c5d9b.csv,1
02c3feaa-1950-3f41-bfb4-7feb9a1131f3.csv,0
0239175a-1982-3004-a03b-5cddb1ee4e00.csv,0
01c1dad9-8b13-377b-b466-612b7c624cb2.csv,1
01adadc9-384a-3dbf-a786-159ec630a34e.csv,0
013682bc-df9c-3bd0-b11d-735f352b4027.csv,0
00bdbe40-e398-3143-8a40-6bef1d1d1163.csv,1
0092461d-6427-3a00-b7e1-06857ea70d35.csv,1
008d511c-9a9d-34f6-b8df-8db6ce009643.csv,1
008a1fdd-a704-3b07-8cff-350b3b36e446.csv,0
0052f041-3ae6-303e-bfe8-634f02f8ec3f.csv,0
003c72cb-381c-34ff-9a56-752ce20b495f.csv,1
003344cf-a77e-3c48-97b4-165668426d0b.csv,0
0020de78-6266-3cf4-aa78-0725bb77328e.csv,1
